<?xml version="1.0" encoding="utf-8"?>
<!DOCTYPE install SYSTEM "http://dev.joomla.org/xml/1.5/module-install.dtd">
<install version="1.5" type="module" client="site">
	<name>Hello Me</name>
	<author>AzrulStudio</author>
	<creationDate>October 2008</creationDate>
	<copyright>Copyright (C) 2008. All rights reserved.</copyright>
	<license></license>
	<authorEmail></authorEmail>
	<authorUrl></authorUrl>	
	<version>1.0</version>
	<description>Hello Me</description>
	<files>
		<filename module="mod_hellome">mod_hellome.php</filename>
		<filename>mod_hellome.xml</filename>
		<filename>helper.php</filename>
		<filename>images/icons-16x16.gif</filename>
	</files>
		<languages>
			<language tag="en-EN">en_EN.mod_hellome.ini</language>	
			<language tag="ru-RU">ru_RU.mod_hellome.ini</language>
		</languages>
	<params>
		<param name="cache" type="hidden" default="0" label="Caching" description="Disable global caching." />
		<param name="customCache" type="list" default="1" label="Caching" description="Select whether to cache the content of this module.">
			<option value="1">Yes</option>
			<option value="0">No</option>
		</param>
		<param name="show_avatar" type="list" default="1" label="Show avatar" description="Select whether to show the avatar.">
			<option value="1">Yes</option>
			<option value="0">No</option>
		</param>
		<param name="show_karma" type="list" default="1" label="Show karma" description="Select whether to show the karma.">
			<option value="1">Yes</option>
			<option value="0">No</option>
		</param>
		<param name="moduleclass_sfx" type="text" default="" label="Module Class Suffix" description="PARAMMODULECLASSSUFFIX" />
	</params>
</install>